"haplogroup","defining_mutations"
"L0","G263A  C1048T  C3516a  T5442C  T6185C  C9042T  A9347G  G10589A  G12007A  A12720G"
"A200G","NA19311	EU092763"
"C152T","KC345780"
"L1'2'3'4'5'6","C146T  C182T  T4312C  T10664C  C10915T  A11914G  G13276A  G16230A"
"L1","G3666A  A7055G  T7389C  T13789C  T14178C  G14560A"
"A189G","JN214471"
"L2'3'4'5'6","C152T  A2758G  C2885T  G7146A  T8468C"
"L5","459.1C  T3423C  A7972G  C12432T  A12950G  C16148T  A16166G"
"L2'3'4'6","C195T  A247G  A825t  T8655C  A10688G  C10810T  G13105A  T13506C  G15301A  A16129G  T16187C  C16189T"
"L2","T146C!  C150T  T152C!  T2416C  G8206A  A9221G  T10115C  G13590A  C16311T  G16390A"
"G143A","NA19625"
"T16086C","JQ044973"
"L3'4'6","G4104A  A7521G"
"L6","T146C!  T152C!  G185c  G709A  C770T  T961C  A1461G  C4964T  T5267C  A6002G  A6284G  C9332T  A10978G  T11116C  C11743T  G12771A  A13710G  C14791T  A14959G  A15244G  T15289C  C15499T  G16048A  T16224C"
"L3'4","T182C!  T3594C  T7256C  T13650C  T16278C"
"L4","T195C!  G5460A  T16362C"
"L3","A769G  A1018G  C16311T"
"G709A","JN655803"
"C16292T","DQ341077	JN655783"
"C150T","NA19172"
"M","T489C  C10400T  T14783C  G15043A"
"M1'20'51","T14110C"
"M1","T195C!  G6446A  T6680C  C12403T  A12950c  G16129A!  T16189C!  T16249C  T16311C!"
"M20","T152C!  A249d  G316A  T3200C  A3714G  A4385t  T4772C  C7433T  A8853G  A9127G  C9512T  T10274C  A10679G  G11914A!  T12354C  C14974T  A15691G  G16129A!  T16209C  A16272G 	 	 	AP012349	JX289112"
"M51","C150T  C4697T  T4973C  T9509C  C14356T  A14687G  G15317A  C16278T!"
"M2","C447g  T1780C  A11083G  T15670C  G16274A"
"G207A","EU443506	GU480005"
"M3","T482C  T16126C 	 	 	 	 	 	 	 	 	 	 	 	 	 	 	 	DQ408676"
"T204C","JQ704107	FJ383536"
"M4","T6620C  G7859A  G16145A  C16261T"
"M65","C511T"
"M67","G143A  A2833G  A4227G  G5979A  G6267A  G6366A  C9863T  G12406A  G13708A  A15769G  C15833T  T16075C  C16169T 	 	 	 	 	 	 	FJ383300	FJ383294"
"M18'38","T246C"
"M18","C12498T  G13135A  A16318t"
"M38","C4099T  G15314A  A15487G 	 	 	 	 	 	 	 	 	 	 	 	 	JX289116"
"M30","T195a  G15431A 	 	 	 	 	 	 	 	 	 	 	 	 	 	 	FJ383657	FJ383658"
"C16234T","EU597504	AY922258"
"M37","C10556T"
"M43","G709A  A10316G  G11696A  C12636T"
"M45","T146C!  A4734G  T16189C! 	 	 	 	 	 	 	 	 	 	 	 	 	 	FJ748709"
"M54","A9374G  T12414C  A15848G  T16304C 	 	 	 	 	 	 	 	 	 	 	 	 	KF056272	GU810077"
"M63","A214G  (G709A)  G4991A  G5046A  T11437C  A12897G  T13089C  G13194A  T16172C  C16192T  (C16248T) 	 	 	 	 	 	 	 	 	FJ383738"
"M64","T152C!  T5201C  T8843C  G9947A  G10685A  A13105G!  G15355A  T15968C  T16263C  C16527T 	 	 	 	 	 	 	 	 	FJ383813	EF556193"
"M66","T195C!  G1888A  G4541A  T6827C  C9061T  C16184T"
"M5","G1888A  G16129A!"
"M6","C461T  A5301G  A5558G  T10640C  A14128G  T16362C 	 	 	 	 	 	 	 	 	 	 	 	 	JX462705"
"M7","C6455T  T9824C"
"T16324C","AP008394"
"M8","A4715G  C7196a  G8584A  A15487t  T16298C"
"CZ","A249d"
"C","T3552a  A9545G  G11914A!  A13263G  T14318C  C16327T"
"C1","290-291d  T16325C"
"C194T","HM107317	HM107309"
"C4","G6026A  G11969A  T15204C 	 	 	 	 	 	 	 	 	 	 	 	FJ951604"
"T16093C","GQ895156"
"C5","595.1C  T16288C"
"T16093C","AP008664	NA18566"
"C16234T","KC911629"
"C7","G5821A  A6338G 	 	 	 	 	 	 	 	 	 	 	 	 	FJ951594	KF849951"
"A16051G","FJ951540"
"Z","A6752G  T9090C  T15784C  C16185T  C16260T"
"Z1","G15261A 	 	 	 	 	 	 	 	 	 	 	 	 	AY519493"
"Z2","A3145G  A8188G  C14668T  T15184C 	 	 	 	 	 	 	 	 	 	 	AP008426	AP011007"
"Z3","T10208C 	 	 	 	 	 	 	 	 	 	 	 	 	AP008841"
"G709A","KC985166"
"Z4","C151T  A15475G  T15944d 	 	 	 	 	 	 	 	 	 	 	 	GU392051	KC733271"
"Z7","T2352C  C2780T  T4363C  G4841A  C7471d  A8348G  T8598C  G10653A 	 	 	 	 	 	 	 	FJ383629	FJ383625"
"Z5","G255A  A814G  G2056A  C4712T  G8251A  G9053A  C14052T  G15553A 	 	 	 	 	 	 	 	 	AP008553"
"M9","G4491A  T16362C"
"C150T","HM346895	GQ895143"
"E","T3027C  G3705A  G7598A  C13626T  G16390A"
"E1","T13254C  T14577C 	 	 	 	 	 	 	 	 	 	 	 	 	 	KF540505"
"E2","T195C!  A8440G  A9080G  A15178G  A16051G  (C16185T) 	 	 	 	 	 	 	 	 	 	 	EF093542"
"M10","573.XC  G709A  C4140T  T8793C  C12549T  A13152G  T14502C  C15040T  T15071C  T16311C! 	 	 	 	 	 	 	 	 	 	 	DQ272116"
"M11","A215G  T318C  A326G  T1095C  C6531T  G7642A  A8108G  T9950C  G11969A"
"M12'G","G14569A"
"M12","C4170T  T5580C  A12030G  G12372A  T14727C  A15010G  C16234T  C16290T"
"G","G709A  A4833G  T5108C  T16362C"
"G1","T8200C  G15323A  G15497A 	 	 	 	 	 	 	 	 	 	 	 	 	NA18634"
"G2","C5601T  A13563G"
"A16194G","AP008569"
"G3","G16274A"
"G4","191.1A  C194T  A5051G  G5460A  T6216C  G7521A!  T7660C  A9670G  T11383C  T15940C  (T16093C)  C16114a 	 	 	 	 	 	 	AP008911	AP013144"
"M13'46'61","T152C!  T6253C"
"M13","G6023A"
"M46","T146C!  C3588T 	 	 	 	 	 	 	 	 	 	 	 	 	 	KC505096"
"M61","T1193C  C1342T  G8269A  C11810T  T12732C  T16381C 	 	 	 	 	 	 	 	 	 	 	JX289113"
"M14","A234G  T4216C  G6962A 	 	 	 	 	 	 	 	 	 	 	 	 	 	 	 	EF495222	DQ904234"
"M15","C64T  A183G  T8167C  A11002G  A11629t  A12662G  T13659C  C14284T  T15412C  C16147a  C16193T  T16249C  T16362C 	 	 	 	 	 	 	 	EF495219"
"M17","G930c  C12973T  T16209C"
"M19'53","A11167G"
"M19","T152C!  C527T  T2392C  A3828G  G5046A  T5250C  T6620C  T6896C  A12397G  C12465T  A15935G  T16249C  T16362C 	 	 	 	 	 	 	 	JF739540"
"M53","A240G  A390t  C572T  T5493C  G5821A  C9302T  A11560G  A16051G  T16189C!  A16316G 	 	 	 	 	 	 	 	 	 	AY922302"
"M21","T11482C"
"A210G","KC505092"
"M22","T710C  T4639C  T6776C"
"M23'75","A12279G"
"M23","T152C!  T195C!  T204C  G417A  A533G  G2706A  A8360G  G9438A  A9545G  C10142T  A10295G  T11569C  T11899C  G12618A  C15025T  T16263C  T16311C! 	 	 	 	 	GQ389777	FJ543102"
"M75","T146C!  C150T  G3316A  C3453T  G5147A  C7313T  A7765G  T14110C  T15109C  T16068C  T16189C! 	 	 	 	 	 	 	 	 	HM030540	HM030524"
"M24'41","T15601C"
"M24","T146C!  T195C!  (G951A)  G5773A  G13359A"
"M41","C375T  C870T  T6297C  C12398T  A12469G  T13656C  C16327T  T16330C 	 	 	 	 	 	 	 	 	 	 	DQ513522"
"M25","C150T  G316A  C869T  T1406C  A3511G  T7954C  C8776T  A11734G  A13144t  A13350G  G13708A  G16129A!  T16189C!  T16223C  C16290a  T16368C 	 	 	 	 	 	 	KJ154681	KJ154709"
"M26","T152C!  A5656G  T9899C  C11428T  A11521G  A12190G  G13708A  C13932T  T14218C  T14311C  T15109C  C15263T  C16214a  C16256T  C16278T! 	 	 	 	 	 	 	HM596710	HM596670"
"M27","C5375T  C9201T  A12358G"
"M28","T152C!  T195C!  G1719A  A6281G  T6374C  T10245C  T15067C  C16148T  T16362C  T16468C"
"M29'Q","T13500C"
"M29","C151T  T152C!  A211G  A464G  G513A  C1048T  G1598A  C4230T  T7711C  C13065T  T16189C!"
"Q","T4117C  A5843G  G8790A  G12940A  G16129A!  A16241G  T16311C!"
"Q1'2","G5460A"
"Q1","T89C  G92A  T146C!  C8964T  T14025C  T16144C  C16148T  A16265c  A16343G 	 	 	 	 	 	 	 	 	AY289090"
"Q2","G228t  C11061T  A16066G  C16311T!!"
"Q3","C4335T  G15172A"
"C61T","G62A 	 	 	 	 	 	 	 	 	 	 	 	 	DQ112896"
"M31","T4907C  G11176A  T15440C  T15530C"
"M32'56","G1438A"
"M32","G16319A  G16526A"
"M56","C61T  T13753C  T16311C! 	 	 	 	 	 	 	 	 	 	 	 	 	 	FJ383487	FJ383486"
"M33","G2361A"
"M34'57","A11101G"
"M34","C569T  G3010A  A6794G  A15865G  T16249C"
"M57","G3483A  C4020T  A13651G  T16311C!"
"M35","G12561A 	 	 	 	 	 	 	 	 	 	 	 	 	 	 	 	 	FJ770956"
"T16304C","FJ770966"
"M36","T239C  A7271G  G15110A"
"M39'70","A8679G"
"M39","55.1T  59-60d  65.1T  (G66t)  A1811G  C15938T 	 	 	 	 	 	 	 	 	 	 	 	 	AY922288"
"M70","T236C  T8867C  C9297T  A15061G  G15148A  C16214T  T16297C  T16342C  T16381C 	 	 	 	 	 	 	 	 	 	HM030534	FJ748741"
"M40","A8925G  T15721C  A15954G  A16463G 	 	 	 	 	 	 	 	 	 	 	 	 	 	 	AY922294"
"M42'74","G8251A"
"M42","A9156G"
"M74","G5054A  C10268T  T16311C!  T16362C"
"M44","T146C!  T961C  C16301T 	 	 	 	 	 	 	 	 	 	 	 	 	 	 	 	FJ383750"
"M47","G16129A!  A16166c  T16189C!  C16287T  G16319A"
"M48","T199C  G6366A  T15900C  C16225T  C16234T  G16390A"
"M49","C3780T  C16234T"
"M50","G7226A  T15663C  T16263C 	 	 	 	 	 	 	 	 	 	 	 	 	 	 	GQ301868"
"M52","G1462t  G1598A  G5460A  (C6020T)  (A16275G)"
"M55'77","G1393A"
"M55","G94A  T173C  T204C  T482C  G709A  T3540C  G4491A  G4655A  5899.1C  A6752G  8279.1T  G9477A  T9938C  A11314G  T16136C  T16217C  G16319A  T16381C 	 	 	 	 	KC896622	AY963582"
"M77","C150T  A1409d  A4065G  G11914A!  G12618A  A13407G  A13542G  T14178C  G14544A  G16129A!  T16189C!  G16213A  C16218T  G16274A 	 	 	 	 	 	GQ301865"
"M58","A3209G  G5460A 	 	 	 	 	 	 	 	 	 	 	 	 	 	 	 	FJ383493	JX289110"
"M59","A249G  G9380A  T10256C  C11140T  G14040A  T16140C  C16278T! 	 	 	 	 	 	 	 	 	 	 	 	 	JQ702247	KC505104"
"M60","G7912A  C8345T"
"M62'68","C150T  T4561C  G7664A"
"M62","G2735A  A3511G  A8149G  G13708A  A15510G  A15520G  T15629C  T15721C  C16295T"
"T204C","FJ544239"
"M68","G16255A 	 	 	 	 	 	 	 	 	 	 	 	 	 	 	 	JX289131"
"M69","C4392T  T11365C 	 	 	 	 	 	 	 	 	 	 	 	 	 	 	 	HM596653"
"M71","A8718G  T15458C  T16271C"
"C151T","KC505110	JX289103"
"M72","T1872C  A14233G  A15644G  C15820T  A16166d  C16214T 	 	 	 	 	 	 	 	 	 	 	 	 	HM030501"
"M73'79","T14034C  C16278T!"
"M73","C2263a  T2352C  T3396C  A3399t  T5655C"
"M79","C151T  T152C!  G499A  C3442T  C3588T  A3669G  A3972G  C7661T  C8437T  T16243C  C16260T  C16262T  T16311C!  G16319A 	 	 	 	 	 	 	HM030504"
"M76","G513A  T3753C  G7521A!  G10325A  G12406A  C14341T  T16189C!  T16223C  A16293c  T16362C 	 	 	 	 	 	 	 	 	 	 	HM030525"
"M81","A215G  T4254C  T6620C  G13590A  G16129A!  T16311C! 	 	 	 	 	 	 	 	 	 	 	 	 	KC577353	JX462697"
"M91","A93G  A3447G  A4164G  A15652G  C16287T  C16327a"
"M80'D","C4883T"
"M80","A249G  G709A  C1352a  G2695A  C4197T  T4823C  T5492C  A5894G  C7939T  C8429T  C8775T  A9254G  T11732C  A14118G  C16134T  T16189C!  T16325C 	 	 	 	 	JF739537"
"D","C5178a  T16362C"
"D4","G3010A  C8414T  C14668T 	 	 	 	 	 	 	 	 	 	 	 	 	JQ704974	JN375993"
"D1","C2092T  T16325C 	 	 	 	 	 	 	 	 	 	 	 	 	JN253391	EU095232"
"C16294T","AP008582"
"D3","C722T  T4023C  T6374C  C9785T 	 	 	 	 	 	 	 	 	EU482316	EF153800"
"D2","C8703T  G16129A!"
"D5","C150T  T1107C  A5301G  A10397G"
"D6","G709A  G1719A  A3714G  A12654G  T16311C!"
"N","G8701A  C9540T  G10398A  C10873T  A15301G!"
"N1'5","G1719A"
"N1","T10238C  G12501A"
"I","T10034C  G16129A! 	 	 	 	 	 	 	 	 	 	JQ245791	KF146252"
"I1","455.1T  G6734A  G9966A  T16311C! 	 	 	 	 	 	 	 	JQ705840	JQ245776"
"I2'3","T152C!  G207A"
"I2","A15758G 	 	 	 	 	 	 	 	 	EU570217	JQ245744"
"I3","T239C"
"I4","G8519A 	 	 	 	 	 	 	 	 	 	KJ021059"
"I5","A14233G 	 	 	 	 	 	 	 	 	 	JQ245724"
"T16086C","JQ701894"
"I6","T3645C"
"I7","C3534T  A4829G  T16324C 	 	 	 	 	 	 	 	KF146253	JF298212"
"N5","T5063C  A7076G  A9545G  T11626C  (A13434G)  C16111T  T16311C! 	 	 	 	 	 	 	 	 	 	 	 	AY714031"
"N2","A189G  G709A  G5046A  C11674T  T12414C"
"W","T195C!  T204C  G207A  T1243C  A3505G  G5460A  G8251A  G8994A  A11947G  G15884c  C16292T 	 	 	 	 	 	 	 	 	KF056262"
"W1","C7864T 	 	 	 	 	 	 	 	 	 	 	 	 	 	 	JQ702793	KF146268"
"T119C","FJ472633	JQ705036"
"C194T","EU086510"
"W3","T1406C"
"W4","G143A  T196C  (C16286T) 	 	 	 	 	 	 	 	 	 	 	 	 	KF146281"
"W5","C6528T  A15775G 	 	 	 	 	 	 	 	 	 	 	 	 	KF146285	KC911419"
"W6","A4093G  T8614C  (C16192T)  T16325C 	 	 	 	 	 	 	 	 	 	 	 	JQ245723	KF146287"
"W7","G185A 	 	 	 	 	 	 	 	 	 	 	 	 	 	HM352797	JQ702147"
"W8","G5147A  G8697A 	 	 	 	 	 	 	 	 	 	 	 	 	NA19776	JQ245778"
"W9","C14097T 	 	 	 	 	 	 	 	 	 	 	 	 	 	JQ245759	JQ702358"
"N3","T146C!  A210G  C571T  T1005C  G3357A  G6366A  A6806G  G7897A  A8653G  T8937C  G10586A  T14634C  T16086C  T16172C  C16187T!  T16189C!  T16217C 	 	 	 	 	 	KC867130"
"N7","A723G  G6570t  T11617C  A13542G  C14668T  C15945T  G16129A!  (A16318G)"
"N8","A2760G  T3027C  T7885C  T7961C  A8188G  A10398G!  A13710G  C15211T  T16263C  G16274A  T16311C!  A16343G 	 	 	 	 	 	 	 	 	JX289118	HM030548"
"N9","G5417A"
"Y","G8392A  A10398G!  T14178C  A14693G  T16126C  T16223C  T16231C"
"Y1","T146C!  G3834A  (C16266T) 	 	 	 	 	 	 	 	 	 	 	 	 	KF540727	EF153813"
"Y2","T482C  G5147A  T6941C  G7859A  A14914G  A15244G  T16311C! 	 	 	 	 	 	 	 	 	 	 	AP008723	EF153812"
"N10","G750A  A5581G  T16172C  T16362C"
"N11","C11581a"
"N13","T146C!  T152C!  A178G  T195C!  G2831A  C5704T  T6896C  T10101C  A11020G  A13263G  A16066G  C16261T  C16290T 	 	 	 	 	 	 	 	 	EF495214	JN226143"
"N14","G1598A  G1888A  A4917G  T5291C  G8251A  G8269A  A11491G  G14384c  C15040T  G15884c 	 	 	 	 	 	 	 	 	 	 	DQ112753"
"N21","C150T  A337d  A6752G  A8701G!  A10583G  T13437C  G14560A  C16193T 	 	 	 	 	 	 	 	 	 	 	 	GQ301885"
"N22","C150T  A942G  A7158G  A9254G  T11365C  C16168T  T16249C 	 	 	 	 	 	 	 	 	 	 	 	 	JF739542	GQ119034"
"A","A235G  A663G  A1736G  T4248C  A4824G  C8794T  C16290T  G16319A"
"T16362C","AP013225"
"A1","G1442A 	 	 	 	 	 	 	 	 	 	 	 	 	 	AP010699"
"A2","T146C!  C152T!!  A153G  G8027A  G12007A  C16111T 	 	 	 	 	 	 	 	 	 	 	DQ282395	HG01187"
"A6","T654C  C3687T  C13287T"
"A12","A12720G  T14290C 	 	 	 	 	 	 	 	 	 	 	 	EF153771"
"A23","G97t  105-110d  C150T  A3213G  A5153G  C6101T  C6602T 	 	 	 	 	 	 	 	 	EF153794	KC911275"
"A200G","HM036549	EF153819"
"A13","T3504C 	 	 	 	 	 	 	 	 	 	 	 	 	EF114282	GU392075"
"A14","C151T  A735G 	 	 	 	 	 	 	 	 	 	 	 	 	EF153775	NA18697"
"A15","(G207A)  G263A  A8459G  C14067T"
"A16","C298a  G2706A  G6023A  A11557G  C14929T  C16292a 	 	 	 	 	 	 	 	 	 	EF153780	HM852848"
"A17","G4113A  A5514G  T9126C  G15217A 	 	 	 	 	 	 	 	 	 	 	 	NA18572	HM036566"
"A18","T11465C 	 	 	 	 	 	 	 	 	 	 	 	 	 	HG00634	NA18615"
"A19","T199C  C15436T  T16311C! 	 	 	 	 	 	 	 	 	 	 	 	 	GU377085	NA18621"
"A20","A14696G 	 	 	 	 	 	 	 	 	 	 	 	 	 	AP010675	NA18164"
"A21","G14364A 	 	 	 	 	 	 	 	 	 	 	 	 	 	KF056302	GQ895144"
"A22","T6378C  C8393T  G9123A  T9128C 	 	 	 	 	 	 	 	 	 	 	 	JF824891	NA17967"
"A24","T449C  A9524G  G15172A 	 	 	 	 	 	 	 	 	 	 	 	 	EF397559	NA18791"
"A25","C16179T 	 	 	 	 	 	 	 	 	 	 	 	 	 	AP008459	KF148411"
"A26","G4924A  T9716a  T11809C  C13650T  T13752C  T14968C  T16144C 	 	 	 	 	 	 	 	 	 	JX153385	JX152799"
"A3","T2857C  A8962G  C9711T 	 	 	 	 	 	 	 	 	 	 	 	 	AP013217	AP010833"
"A7","T146C!  A8413G  G10172A  C15379T  A16051G  G16129A!  T16189C! 	 	 	 	 	 	 	 	 	 	AP008307	AP010709"
"A9","C6950T  A7228G  G8340A  A10700G  A15874G"
"A11","C9650T  A16293c"
"C16234T","GQ895164"
"A5","A8563G  C11536T"
"A8","C16242T 	 	 	 	 	 	 	 	 	 	 	 	 	 	 	 	EU482363"
"A10","T5393C  C7468T  G9948A  C10094T  A16227c  T16311C! 	 	 	 	 	 	 	 	 	 	 	 	HM569228	GU122995"
"O","G6755A  C9140T  G16213A 	 	 	 	 	 	 	 	 	 	 	 	 	 	 	AY289059"
"O1","T152C!  C509T  G5563A  T6221C  T15300C  T15852C  C15885T  G16303A  T16362C 	 	 	 	 	 	 	 	 	 	DQ404447"
"S","T8404C"
"S1","G14384c  T16075C 	 	 	 	 	 	 	 	 	 	 	 	 	 	 	AF346963"
"S2","C2380T  G3438A  T6167C 	 	 	 	 	 	 	 	 	 	 	 	 	 	AY289051	AF346964"
"S3","T63C  C64T  G66A  C151T  T195C!  T710C  T5302C  T5492C  T8277C  8278.XC  T9938C  A10398G!  T10786C  C11151T  T15204C  G15317A  T15663C  C15664T  T16140C  C16187T!  T16189C!  C16287T  T16311C! 	 	AY289066	AY289067"
"S4","G1007A  A4181G  T5090C  C6528T  G7498A  C9866T  T16172C  C16192T  G16319A 	 	 	 	 	 	 	 	 	AY289062"
"S5","A234G  A249d  A508G  C1375T  C3169T  T3593C  C3996T  G8027A  A10188G  A11470G  C13770a  C14121T  T16243C  C16256T 	 	 	 	 	 	EF495220"
"X","T6221C  C6371T  A13966G  T14470C  T16189C!  C16278T!"
"X1'2'3","A153G"
"X1'3","T146C!"
"X1","T5302C  A14587G  T15654C  (C16104T)  T16278C!!"
"X3","G3531A  C13785T  T13879C  G14560A  T15672C 	 	 	 	 	 	 	 	 	 	 	EF177437"
"X2","T195C!  G1719A 	 	 	 	 	 	 	 	 	 	 	 	 	 	GQ200588	JQ245739"
"G225A","EU600328"
"T226C","JX021501	JQ704969"
"C16192T","HG00108	JQ702995"
"T16223C","KC911497"
"X4","T152C!  T195C!  T6227C  G12406A  C16266T  G16274A  G16390A 	 	 	 	 	 	 	 	 	 	 	 	HQ456226	JQ245765"
"R","T12705C  T16223C"
"R0","G73A  A11719G"
"60.1T","EU597493"
"HV","T14766C 	 	 	 	 	 	 	 	 	 	 	 	 	 	 	KC911472"
"HV0","T72C  T16298C 	 	 	 	 	 	 	 	 	 	 	 	 	JQ705599	JX153274"
"V","G4580A 	 	 	 	 	 	 	 	 	 	 	 	AY495311	JX153964"
"V1","A8869G"
"V2","A13105G! 	 	 	 	 	 	 	 	 	 	 	JQ705658	JQ703647"
"V3","A12810G 	 	 	 	 	 	 	 	 	 	 	JQ703666"
"V4","C15250T 	 	 	 	 	 	 	 	 	 	 	AY495312	FJ384440"
"V5","T14550C  A16203G 	 	 	 	 	 	 	 	 	 	AY339451	AY339452"
"V6","A16162G 	 	 	 	 	 	 	 	 	 	 	FJ348207	EF506486"
"V7","A93G  G7444A 	 	 	 	 	 	 	 	 	 	JQ705798	JQ702803"
"V8","A13350G  G14016A 	 	 	 	 	 	 	 	 	 	JQ702025	JQ705604"
"V9","T204C  G207A 	 	 	 	 	 	 	 	 	 	EF177445"
"V10","A9368G"
"V11","G8251A  A11620G 	 	 	 	 	 	 	 	 	 	JQ704405	JQ705396"
"V12","T7270C 	 	 	 	 	 	 	 	 	 	 	AY495321	JQ705506"
"V13","G12795A  T15784C 	 	 	 	 	 	 	 	 	 	GU122979	JQ702456"
"V14","T8843C 	 	 	 	 	 	 	 	 	 	 	JQ702206	JQ703215"
"V15","C4221T 	 	 	 	 	 	 	 	 	 	 	HQ645963"
"V16","C16301T 	 	 	 	 	 	 	 	 	 	 	JQ704468	KC257385"
"V17","C1537T  A8982G 	 	 	 	 	 	 	 	 	 	JQ703973	GU362082"
"V18","A508G 	 	 	 	 	 	 	 	 	 	 	FJ348173"
"V19","T16362C 	 	 	 	 	 	 	 	 	 	JQ702721	JQ703749"
"V22","G709A  A7765G 	 	 	 	 	 	 	 	 	JX297133	JX297137"
"V20","G8584A  C16256T 	 	 	 	 	 	 	 	 	JQ705168	JQ704703"
"V21","G15431A  G16390A 	 	 	 	 	 	 	 	 	JQ702689	JQ704945"
"V23","G6734A 	 	 	 	 	 	 	 	 	 	 	JQ704988	NA11893"
"V24","C3573T 	 	 	 	 	 	 	 	 	 	 	HQ711364	JQ704340"
"V25","C14629T 	 	 	 	 	 	 	 	 	 	 	NA19725	AF381990"
"V26","T12681C 	 	 	 	 	 	 	 	 	 	 	JF502419	HQ615879"
"V27","C569T 	 	 	 	 	 	 	 	 	 	 	JX153521	JQ705885"
"V28","T10256C 	 	 	 	 	 	 	 	 	 	 	JX153920	GU827698"
"HV1","A8014t  C16067T 	 	 	 	 	 	 	 	 	 	 	 	 	JF320654"
"HV2","T152C!  T16217C 	 	 	 	 	 	 	 	 	 	 	 	KC911408"
"HV20","A13866G 	 	 	 	 	 	 	 	 	 	 	 	 	HM036578	EU935433"
"HV4","T7094C 	 	 	 	 	 	 	 	 	 	 	 	 	 	EF417833	EU545447"
"C16291T","JN214427"
"HV5","A13105G!"
"HV6","G6755A  T16172C 	 	 	 	 	 	 	 	 	 	 	 	HQ658738	EF222232"
"HV7","G5471A  G14560A  C16278T! 	 	 	 	 	 	 	 	 	 	 	 	EU545443	JQ701908"
"HV8","C16354T 	 	 	 	 	 	 	 	 	 	 	 	 	EU545457	EF222246"
"HV9","G8994A 	 	 	 	 	 	 	 	 	 	 	 	 	JQ703367	JX153443"
"HV10","C13449T 	 	 	 	 	 	 	 	 	 	 	 	 	EF222245	HM008695"
"HV11","A6040G 	 	 	 	 	 	 	 	 	 	 	 	 	JQ702048"
"HV14","T480C  T15115C 	 	 	 	 	 	 	 	 	 	 	 	KC911391"
"HV15","G5746A  C16234T 	 	 	 	 	 	 	 	 	 	 	 	JQ704184	NA12489"
"HV16","A12492t 	 	 	 	 	 	 	 	 	 	 	 	 	HQ658354	JQ704124"
"HV17","A3397G  C16111T 	 	 	 	 	 	 	 	 	 	 	 	EU545424"
"HV22","T146C!  C4997T  A16038G 	 	 	 	 	 	 	 	 	 	 	 	EF660945	EF660975"
"HV23","G9548A 	 	 	 	 	 	 	 	 	 	 	 	 	KC911525	FJ460528"
"HV24","C1601T 	 	 	 	 	 	 	 	 	 	 	 	 	KC257368	NA20506"
"HV12","G13889A"
"HV13","T16357C"
"HV18","G9039A  T16189C! 	 	 	 	 	 	 	 	 	 	 	 	 	JX153087	KC911471"
"HV19","T4823C  C16260T  A16399G 	 	 	 	 	 	 	 	 	 	 	 	 	HQ436102	KC911439"
"HV21","C16169T 	 	 	 	 	 	 	 	 	 	 	 	 	 	KF729951	HQ287727"
"H","G2706A  T7028C 	 	 	 	 	 	 	 	 	 	 	 	 	JQ705953"
"H1","G3010A 	 	 	 	 	 	 	 	 	 	 	 	 	HQ384174	HM103358"
"T16362C","EU219920	GU724771"
"T16093C","JQ703322"
"T16093C","JQ703153	JX153157"
"C16239T","JQ704230	JQ705157"
"H2","G1438A"
"H3","T6776C 	 	 	 	 	 	 	 	 	 	 	 	 	AY738987	HQ659688"
"T16093C","GU997629	JQ703387"
"H4","C3992T  T5004C  G9123A 	 	 	 	 	 	 	 	 	 	 	 	JN646688	JQ701843"
"H5'36","C456T 	 	 	 	 	 	 	 	 	 	 	 	 	JQ324611	GQ983078"
"H5","T16304C 	 	 	 	 	 	 	 	 	 	 	 	AY495174	JQ703257"
"T16093C","GQ983075"
"C16192T","JQ703228"
"G709A","JX153021"
"H36","T152C!  C3525a  C8578T  C13056T  A16070G 	 	 	 	 	 	 	 	 	FJ348166	FJ348151"
"H6","T239C  T16362C  (A16482G)"
"H7","A4793G 	 	 	 	 	 	 	 	 	 	 	 	 	AY495120	JQ703313"
"H8","G709A  A13101c  T16288C  T16362C"
"H31","A7930t  A10771G 	 	 	 	 	 	 	 	 	 	EF660914	JN009620"
"H11","T8448C  G13759A  T16311C! 	 	 	 	 	 	 	 	 	 	JQ703684"
"H12","C3936T  A14552G 	 	 	 	 	 	 	 	 	 	 	EF660955	DQ341083"
"H91","A335G 	 	 	 	 	 	 	 	 	 	 	 	JQ703303	NA20800"
"H108","A3808G 	 	 	 	 	 	 	 	 	 	 	 	JQ324697	JX154006"
"H9","T13020C 	 	 	 	 	 	 	 	 	 	 	 	AY713978"
"H32","A73G!  G8557A 	 	 	 	 	 	 	 	 	 	 	DQ523619	EF660931"
"H46","C2772T 	 	 	 	 	 	 	 	 	 	 	 	AY495140"
"H52","A14220G 	 	 	 	 	 	 	 	 	 	 	 	JQ703349	EU744541"
"H69","T4646C 	 	 	 	 	 	 	 	 	 	 	 	KC257357	AY495136"
"H103","T2352C  G3834A  A4243G  A7299G  C16295T 	 	 	 	 	 	 	 	 	HM470002	JX153034"
"H107","T16209C  C16261T 	 	 	 	 	 	 	 	 	 	 	JX153071	HM765464"
"H10","T14470a 	 	 	 	 	 	 	 	 	 	 	 	 	JQ701849	EU156036"
"H13","C14872T"
"A200G","GU228506"
"H14","T7645C  A10217G"
"H15","T55C  T57C  T6253C 	 	 	 	 	 	 	 	 	 	 	 	KC911292"
"H16","C10394T 	 	 	 	 	 	 	 	 	 	 	 	 	JQ704409	JQ703108"
"H17","G3915A 	 	 	 	 	 	 	 	 	 	 	 	AY495150	JQ704083"
"H27","G11719A!  A16316G 	 	 	 	 	 	 	 	 	 	 	JQ705366	HQ658132"
"T16093C","JQ705258	JQ704331"
"H18","G14364A 	 	 	 	 	 	 	 	 	 	 	 	JQ704443	JQ705490"
"H19","G85A  G7598A 	 	 	 	 	 	 	 	 	 	 	KC911570	KC911539"
"H20","C16218T 	 	 	 	 	 	 	 	 	 	 	 	 	JX153278"
"H21","C186T  C3822T  G8994A  C16192T 	 	 	 	 	 	 	 	 	 	 	AM263178"
"H22","G16145A  A16227G"
"H23","C10211T 	 	 	 	 	 	 	 	 	 	 	 	 	GU122977	JQ794835"
"H24","A16293G 	 	 	 	 	 	 	 	 	 	 	 	 	JQ324553	HM589043"
"H25","C9620T 	 	 	 	 	 	 	 	 	 	 	 	 	EF556189"
"H26","T11152C 	 	 	 	 	 	 	 	 	 	 	 	 	JQ703239	JQ702217"
"H28","C186a 	 	 	 	 	 	 	 	 	 	 	 	 	DQ523654"
"H29","A93G  573.XC  A5582G 	 	 	 	 	 	 	 	 	 	 	 	JQ705134"
"H30","T8200C 	 	 	 	 	 	 	 	 	 	 	 	 	EF556162"
"H33","G11447A 	 	 	 	 	 	 	 	 	 	 	 	 	EU600336	JQ702229"
"C16291T","JQ705818"
"H34","T15519C 	 	 	 	 	 	 	 	 	 	 	 	EU007846	AY738968"
"H64","G11150A 	 	 	 	 	 	 	 	 	 	 	 	JQ702918"
"H85","A6323G  G16390A 	 	 	 	 	 	 	 	 	 	 	JQ704251	HQ699439"
"H35","C3342T 	 	 	 	 	 	 	 	 	 	 	 	 	JQ703157	JQ703287"
"H39","A16299G 	 	 	 	 	 	 	 	 	 	 	 	 	AY339402	EU677425"
"H40","T7621C 	 	 	 	 	 	 	 	 	 	 	 	 	JQ704876"
"H41","G15617A"
"H42","T9758C 	 	 	 	 	 	 	 	 	 	 	 	 	JQ704132"
"H43","A7202G 	 	 	 	 	 	 	 	 	 	 	 	 	AY495114	AY495098"
"H44","T5442C"
"H45","T8843C"
"H47","T9530C  C12633T 	 	 	 	 	 	 	 	 	 	 	 	GU123005	AY738959"
"H48","G11016A 	 	 	 	 	 	 	 	 	 	 	 	 	HQ676807	KC257382"
"H49","A11560G 	 	 	 	 	 	 	 	 	 	 	 	 	HQ660082	JQ704535"
"H50","G14831A 	 	 	 	 	 	 	 	 	 	 	 	 	JQ703327	JQ704577"
"H51","G11440A 	 	 	 	 	 	 	 	 	 	 	 	 	JQ705176	JQ324544"
"H53","G9380A 	 	 	 	 	 	 	 	 	 	 	 	 	EU597538	JQ324556"
"H54","G5585A 	 	 	 	 	 	 	 	 	 	 	 	 	JQ704987	FJ188715"
"H55","G10646A"
"A153G","JQ702906"
"H56","C11788T 	 	 	 	 	 	 	 	 	 	 	 	 	JQ702073	JQ703478"
"H57","C64T  A4317d 	 	 	 	 	 	 	 	 	 	 	 	 	JQ704677	KC911474"
"H58","G15466A 	 	 	 	 	 	 	 	 	 	 	 	 	JQ703264"
"H59","A12674G 	 	 	 	 	 	 	 	 	 	 	 	 	JQ701910"
"H60","T5108C"
"H61","A1842G  A11641G 	 	 	 	 	 	 	 	 	 	 	 	AY495185	JQ702768"
"H62","A14344G 	 	 	 	 	 	 	 	 	 	 	 	 	EF609014	JQ703306"
"H63","T2159C  A14193G 	 	 	 	 	 	 	 	 	 	 	 	JQ704149	JQ704491"
"H65","T15784C 	 	 	 	 	 	 	 	 	 	 	 	 	HM625709	JQ703909"
"H66","G7337A 	 	 	 	 	 	 	 	 	 	 	 	 	KC911282	JN415472"
"H67","C13147T 	 	 	 	 	 	 	 	 	 	 	 	 	JQ704151"
"H70","A9033G 	 	 	 	 	 	 	 	 	 	 	 	 	JQ704792	AY738998"
"H71","C6164T 	 	 	 	 	 	 	 	 	 	 	 	 	JQ704813	JQ703155"
"H72","A6647G  C13785T  G15927A 	 	 	 	 	 	 	 	 	 	 	 	JQ704835	JQ703178"
"H73","C4221a 	 	 	 	 	 	 	 	 	 	 	 	 	JQ702419"
"H74","T72g  A12753G  T14488C 	 	 	 	 	 	 	 	 	 	 	 	JQ324578"
"H75","G5821A  G8592A 	 	 	 	 	 	 	 	 	 	 	 	JQ703482"
"H76","G8572A  T16311C! 	 	 	 	 	 	 	 	 	 	 	 	JQ705450	HQ287896"
"H77","291.1A  G8387A 	 	 	 	 	 	 	 	 	 	 	 	JQ701996"
"H78","C7002T 	 	 	 	 	 	 	 	 	 	 	 	 	EU600333	JQ704137"
"H79","A12397G 	 	 	 	 	 	 	 	 	 	 	 	 	JQ702218	JQ701998"
"H80","G2361A  T16311C! 	 	 	 	 	 	 	 	 	 	 	 	EF493867	JQ705682"
"H81","G15172A 	 	 	 	 	 	 	 	 	 	 	 	 	JQ324727"
"H82","A16220G 	 	 	 	 	 	 	 	 	 	 	 	 	JQ702080"
"H83","A16212G 	 	 	 	 	 	 	 	 	 	 	 	 	JQ705403	JQ703310"
"H84","G1888A"
"H86","T1809C 	 	 	 	 	 	 	 	 	 	 	 	 	JX153022	JQ324603"
"H87","A8188G 	 	 	 	 	 	 	 	 	 	 	 	 	JQ705040	JQ324534"
"H88","A8596G 	 	 	 	 	 	 	 	 	 	 	 	 	KC553984"
"H89","A6932G  C8068T  T12696C 	 	 	 	 	 	 	 	 	 	 	 	KC553989	JQ703454"
"H90","C5435T  T8911C  T10237C  T15109C 	 	 	 	 	 	 	 	 	 	 	KC554018"
"H92","T9497C 	 	 	 	 	 	 	 	 	 	 	 	 	EU600340	NA20527"
"H93","T3535C 	 	 	 	 	 	 	 	 	 	 	 	 	JQ704394	NA20502"
"H94","G14323A  C16355T 	 	 	 	 	 	 	 	 	 	 	 	NA19750	JQ705893"
"H95","A11069G 	 	 	 	 	 	 	 	 	 	 	 	 	HQ593807"
"H96","G185A  A189G  G709A  A13269G  G14040A  T16189C! 	 	 	 	 	 	 	 	 	 	KC810015	JQ705172"
"H100","A12358G 	 	 	 	 	 	 	 	 	 	 	 	 	HQ659700	HM625681"
"H101","T9230C  C16184T 	 	 	 	 	 	 	 	 	 	 	 	KC911463	KC911349"
"H102","C3798T  T14180C 	 	 	 	 	 	 	 	 	 	 	 	JQ703658"
"H104","G8723A 	 	 	 	 	 	 	 	 	 	 	 	 	JQ324570	EU600339"
"H105","G9921A 	 	 	 	 	 	 	 	 	 	 	 	 	JX153454	JN573371"
"H106","C6410T  C16245T 	 	 	 	 	 	 	 	 	 	 	 	JX153097	JQ701959"
"R1","T1391C  T16311C!"
"R2'JT","T4216C"
"R2","T152C!  G4769A  T7657C  T8473C  G9932A  G10685A  A12654G  G14305A  C16071T 	 	 	 	 	 	 	 	 	KC911379	KC911319"
"T13500C","KC911374"
"JT","A11251G  C15452a  T16126C"
"J","C295T  T489C  A10398G!  A12612G  G13708A  C16069T"
"J1","C462T  G3010A"
"A189G","HG00334	JQ702063"
"C16261T","FJ348153	JQ705489"
"A189G","JN415478"
"C16193T","JQ797885"
"J2","(C150T)  T152C!  C7476T  G15257A"
"T","G709A  G1888A  A4917G  G8697A  T10463C  G13368A  G14905A  A15607G  G15928A  C16294T"
"T1","C12633a  A16163G  T16189C! 	 	 	 	 	 	 	 	 	 	 	JQ797976"
"T2","A11812G  A14233G  (C16296T) 	 	 	 	 	 	 	 	 	 	 	JQ798138	JF707633"
"C151T","HQ384203	JQ703699"
"C150T","JQ702965"
"T16362C","JN004272	JN106183"
"T3","T195C!  T1406C  A1829G  A4225G  A11467G  G11778A  A13956G  G13980A  A15509G  T16325C 	 	 	 	 	 	 	JX462725"
"R5","T8594C  A10754G  G14544A  T16304C  A16524G 	 	 	 	 	 	 	 	 	 	 	 	 	AY713998"
"R6","(T195C!)  T12285C  (C16266T)  T16362C"
"R7","A13105G!  G16319A  T16362C"
"R8","T195C!  A2755G  A3384G  T7759C  C9449T  T13215C"
"T16093C","FJ467972"
"R9","C3970T  G13928c  T16304C"
"F","A249d  T6392C  G10310A"
"F1","G6962A  T10609C  G12406A  C12882T"
"F2","T1005C  T1824C  A7828G  T10535C  G10586A  T12338C  G13708A"
"F3","A3434G  G5585A  G5913A  A5978G  G10320A  A11065G  T16298C  C16304T!  T16362C"
"G207A","JF824855"
"T16093C","KC994154	GQ119009"
"F4","C5263T  G12630A  T15670C"
"R11'B6","A12950G"
"R11","G185A  A189G  G709A  T8277C  8278.XC  T10031C  A10398G!  C11061T  A13681G  T16311C! 	 	 	 	 	 	 	 	NA18763"
"B6","C150T  8281-8289d  G9452A  G13928c"
"B4'5","8281-8289d 	 	 	 	 	 	 	 	 	 	 	 	 	 	KC417443	HM030512"
"B4","T16217C"
"C151T","KJ154269	KJ154287"
"T16126C","KJ154410	KJ154226"
"B2","A3547G  T4977C  C6473T  T9950C  C11177T 	 	 	 	 	 	 	 	EU095548	EF079874"
"A16335G","AP008472"
"B5","G709A  G8584A  T9950C  A10398G!  T16140C"
"R24","T146C!  A3565G  C4260T  C9759T  C11710T  C12483T  A16051G  C16185T  C16193d 	 	 	 	 	 	 	 	 	GU733726"
"R12'21","A10398G!  A11404G  C16295T"
"R12","C4011T  A4200G  T4695C  T4703C  G5417A  G8027A  A8906G  T9386C  A9644G  T9881C  A12172G  G13708A  G13759A  G14305A  C14989T  A15562G  G15884A 	 	 	 	DQ112752"
"R21","T146C!  T152C!  T199C  A249G  G1709A  G1719A  C2397T  C4711T  T8279C  A9067G  T9077C  A9109G  A10610t  A12234G  C12510T  G13145A  A15613G  C16168T  C16296T  T16304C 	 	AP012392	AP012370"
"R14","A56t  C182T!!  T204C  A234G  573.XC  T4002C  T7022g  G8860A  T9128C  G10172A  A11321G  A11560G  A12612G  T13281C  A14002G  C14800T  T15394C  T15458C  C16187T!  T16288C  T16304g  T16362C 	 	EF495216"
"R22","T152C!  G329A  T1040C  A6770G  A10316G  T10609C  G13359A  T16249C  T16288C  T16304C 	 	 	 	 	 	 	 	 	 	GQ301886	GQ301863"
"R23","T195C!  T634a  T6216C  C7007T  A7158G  A7388G  A7822G  T8614C  A10987G  G11914A!  A12151G  A12459G  C13885a  A14687G  T15412C  C16256T  C16290T  C16465T 	 	 	 	GQ301864"
"R30","G8584A 	 	 	 	 	 	 	 	 	 	 	 	 	 	 	 	AY714006"
"R31","G15884A  (T16362C)"
"R32","T152C!  A3816G  G4820A  8281-8289d  C8464T  G8743A  A8784G  A8887G  T9116C  G12771A  A15712G  G16145A  C16185T  C16239T  T16311C!  T16325C 	 	 	 	 	KC577355"
"P","A15607G"
"P1","T212C  C6077T  T10118C  C16266T  T16357C"
"P2'10","G3882A"
"P2","G1438A  A3203G  A4122G  C8859T  A14890G  T16176C! 	 	 	 	 	 	 	 	 	DQ112897	AY289088"
"P10","T710C  T1673C  C3738T  T4314C  C5915T  A6131G  G6446A  A6740G  A8158t  A8664G  T9077C  G11914A!  A12642G  G13810A  G13958c  C15811T  C15839T  A15924G  G16145A  T16224C  A16233G  T16311C!  G16456A  C16527T 	 	KC993994	GQ119036"
"P8","T152C!  G3391A  G5237A  G7805A  T8167C  T8614C  A11065G  T11353C  A11404G  T12414C  G12756A  G15110A  T15511C  G15521c  A16241t  C16261T  T16362C 	 	DQ404446"
"P3","T127C  C128T  573.XC  T3645C  C14338T  T15748C  A15937t"
"P4","G1719A  G5460A  A10398G!"
"P5","T152C!  G1438A  G7419A  T7657C  T9509C  G12406A  C12831T  G13368A  T15412C  T15970C  C16192T  T16311C! 	 	 	 	 	 	 	AY289063"
"P6","T6719C  T16311C!  T16362C 	 	 	 	 	 	 	 	 	 	 	 	 	AY289053	AY289055"
"P7","T152C!  A374G  G1598A  C2283T  G6249A  A7325G  G8387A  G10373A  T10810C!  A12026G  T12235C  A12361G  T14502C  A15613G  C16148T  C16234T 	 	 	 	AY289054"
"P9","C3172a  T14788C 	 	 	 	 	 	 	 	 	 	 	 	 	 	KC993944"
"U","A11467G  A12308G  G12372A"
"U1","C285T  T12879C  A13104G  A14070G  G15148A  A15954c  T16249C"
"U5","C16192T  C16270T 	 	 	 	 	 	 	 	 	 	 	 	 	 	KC521458"
"T16362C","JQ704920"
"T16093C","JX152788"
"T16362C","JQ704045"
"C16294T","JX153018	JQ702310"
"T16362C","JQ705111"
"U6","A3348G  T16172C"
"U2'3'4'7'8'9","A1811G"
"U2","A16051G 	 	 	 	 	 	 	 	 	 	 	 	 	 	FN600416"
"U3","C150T  A14139G  T15454C  A16343G"
"U4'9","T195C!  G499A  T5999C"
"U4","T4646C  A6047G  C11332T  C14620T  T15693C  T16356C"
"U9","G3531A  G3834A  C6386T  T14094C"
"U7","T152C!  T980C  C3741T  C5360T  C8137T  C8684T  C10142T  T13500C  G14569A  (A16309G)  A16318t 	 	 	 	 	 	 	AY714004"
"U8","T9698C"
"K","A10550G  T11299C  T14798C  T16224C  T16311C!"
"K1","T1189C  A10398G!"
"C150T","JQ702273"
"K2","T146C!  T9716C"
"K3","C150T  T195C!  A235G  C560T  T7657C  A8188G  A9852t  T14212C  T16093C  C16148T  G16153A 	 	 	NA18539	HM852886"
